{
  "project_info": {
    "project_number": "1042155925704",
    "project_id": "login-register-firebase-426fd",
    "storage_bucket": "login-register-firebase-426fd.appspot.com"
  },
  "client": [
    {
      "client_info": {
        "mobilesdk_app_id": "1:1042155925704:android:6f9ef389bf8237b318b5fd",
        "android_client_info": {
          "package_name": "com.example.a1dpal"
        }
      },
      "oauth_client": [],
      "api_key": [
        {
          "current_key": "AIzaSyBJbaQjF60WAcbwaIrmEG5pr2LHqhyNlFI"
        }
      ],
      "services": {
        "appinvite_service": {
          "other_platform_oauth_client": []
        }
      }
    }
  ],
  "configuration_version": "1"
}