{
  "12": {
    "inputs": {
      "input_mode": "simple",
      "lora_count": 2,
      "lora_name_1": "JapaneseDollLikeness_v15_L.safetensors",
      "lora_wt_1": 1,
      "model_str_1": 1,
      "clip_str_1": 1,
      "lora_name_2": "ganyu_ned2_offset.safetensors",
      "lora_wt_2": 1,
      "model_str_2": 1,
      "clip_str_2": 1,
      "lora_name_3": "None",
      "lora_wt_3": 1,
      "model_str_3": 1,
      "clip_str_3": 1,
      "lora_name_4": "None",
      "lora_wt_4": 1,
      "model_str_4": 1,
      "clip_str_4": 1,
      "lora_name_5": "None",
      "lora_wt_5": 1,
      "model_str_5": 1,
      "clip_str_5": 1,
      "lora_name_6": "None",
      "lora_wt_6": 1,
      "model_str_6": 1,
      "clip_str_6": 1,
      "lora_name_7": "None",
      "lora_wt_7": 1,
      "model_str_7": 1,
      "clip_str_7": 1,
      "lora_name_8": "None",
      "lora_wt_8": 1,
      "model_str_8": 1,
      "clip_str_8": 1,
      "lora_name_9": "None",
      "lora_wt_9": 1,
      "model_str_9": 1,
      "clip_str_9": 1,
      "lora_name_10": "None",
      "lora_wt_10": 1,
      "model_str_10": 1,
      "clip_str_10": 1,
      "lora_name_11": "None",
      "lora_wt_11": 1,
      "model_str_11": 1,
      "clip_str_11": 1,
      "lora_name_12": "None",
      "lora_wt_12": 1,
      "model_str_12": 1,
      "clip_str_12": 1,
      "lora_name_13": "None",
      "lora_wt_13": 1,
      "model_str_13": 1,
      "clip_str_13": 1,
      "lora_name_14": "None",
      "lora_wt_14": 1,
      "model_str_14": 1,
      "clip_str_14": 1,
      "lora_name_15": "None",
      "lora_wt_15": 1,
      "model_str_15": 1,
      "clip_str_15": 1,
      "lora_name_16": "None",
      "lora_wt_16": 1,
      "model_str_16": 1,
      "clip_str_16": 1,
      "lora_name_17": "None",
      "lora_wt_17": 1,
      "model_str_17": 1,
      "clip_str_17": 1,
      "lora_name_18": "None",
      "lora_wt_18": 1,
      "model_str_18": 1,
      "clip_str_18": 1,
      "lora_name_19": "None",
      "lora_wt_19": 1,
      "model_str_19": 1,
      "clip_str_19": 1,
      "lora_name_20": "None",
      "lora_wt_20": 1,
      "model_str_20": 1,
      "clip_str_20": 1,
      "lora_name_21": "None",
      "lora_wt_21": 1,
      "model_str_21": 1,
      "clip_str_21": 1,
      "lora_name_22": "None",
      "lora_wt_22": 1,
      "model_str_22": 1,
      "clip_str_22": 1,
      "lora_name_23": "None",
      "lora_wt_23": 1,
      "model_str_23": 1,
      "clip_str_23": 1,
      "lora_name_24": "None",
      "lora_wt_24": 1,
      "model_str_24": 1,
      "clip_str_24": 1,
      "lora_name_25": "None",
      "lora_wt_25": 1,
      "model_str_25": 1,
      "clip_str_25": 1,
      "lora_name_26": "None",
      "lora_wt_26": 1,
      "model_str_26": 1,
      "clip_str_26": 1,
      "lora_name_27": "None",
      "lora_wt_27": 1,
      "model_str_27": 1,
      "clip_str_27": 1,
      "lora_name_28": "None",
      "lora_wt_28": 1,
      "model_str_28": 1,
      "clip_str_28": 1,
      "lora_name_29": "None",
      "lora_wt_29": 1,
      "model_str_29": 1,
      "clip_str_29": 1,
      "lora_name_30": "None",
      "lora_wt_30": 1,
      "model_str_30": 1,
      "clip_str_30": 1,
      "lora_name_31": "None",
      "lora_wt_31": 1,
      "model_str_31": 1,
      "clip_str_31": 1,
      "lora_name_32": "None",
      "lora_wt_32": 1,
      "model_str_32": 1,
      "clip_str_32": 1,
      "lora_name_33": "None",
      "lora_wt_33": 1,
      "model_str_33": 1,
      "clip_str_33": 1,
      "lora_name_34": "None",
      "lora_wt_34": 1,
      "model_str_34": 1,
      "clip_str_34": 1,
      "lora_name_35": "None",
      "lora_wt_35": 1,
      "model_str_35": 1,
      "clip_str_35": 1,
      "lora_name_36": "None",
      "lora_wt_36": 1,
      "model_str_36": 1,
      "clip_str_36": 1,
      "lora_name_37": "None",
      "lora_wt_37": 1,
      "model_str_37": 1,
      "clip_str_37": 1,
      "lora_name_38": "None",
      "lora_wt_38": 1,
      "model_str_38": 1,
      "clip_str_38": 1,
      "lora_name_39": "None",
      "lora_wt_39": 1,
      "model_str_39": 1,
      "clip_str_39": 1,
      "lora_name_40": "None",
      "lora_wt_40": 1,
      "model_str_40": 1,
      "clip_str_40": 1,
      "lora_name_41": "None",
      "lora_wt_41": 1,
      "model_str_41": 1,
      "clip_str_41": 1,
      "lora_name_42": "None",
      "lora_wt_42": 1,
      "model_str_42": 1,
      "clip_str_42": 1,
      "lora_name_43": "None",
      "lora_wt_43": 1,
      "model_str_43": 1,
      "clip_str_43": 1,
      "lora_name_44": "None",
      "lora_wt_44": 1,
      "model_str_44": 1,
      "clip_str_44": 1,
      "lora_name_45": "None",
      "lora_wt_45": 1,
      "model_str_45": 1,
      "clip_str_45": 1,
      "lora_name_46": "None",
      "lora_wt_46": 1,
      "model_str_46": 1,
      "clip_str_46": 1,
      "lora_name_47": "None",
      "lora_wt_47": 1,
      "model_str_47": 1,
      "clip_str_47": 1,
      "lora_name_48": "None",
      "lora_wt_48": 1,
      "model_str_48": 1,
      "clip_str_48": 1,
      "lora_name_49": "None",
      "lora_wt_49": 1,
      "model_str_49": 1,
      "clip_str_49": 1
    },
    "class_type": "LoRA Stacker",
    "_meta": {
      "title": "LoRA Stacker"
    }
  },
  "15": {
    "inputs": {
      "ckpt_name": "neverendingDreamNED_v122BakedVae.safetensors",
      "vae_name": "Baked VAE",
      "clip_skip": -1,
      "lora_name": "None",
      "lora_model_strength": 1,
      "lora_clip_strength": 1,
      "positive": "",
      "negative": "",
      "token_normalization": "none",
      "weight_interpretation": "comfy",
      "empty_latent_width": 512,
      "empty_latent_height": 512,
      "batch_size": 1,
      "lora_stack": [
        "12",
        0
      ]
    },
    "class_type": "Efficient Loader",
    "_meta": {
      "title": "Efficient Loader"
    }
  },
  "16": {
    "inputs": {
      "seed": 482737623275256,
      "steps": 50,
      "cfg": 5,
      "sampler_name": "euler",
      "scheduler": "normal",
      "denoise": 1,
      "preview_method": "auto",
      "vae_decode": "true",
      "model": [
        "15",
        0
      ],
      "positive": [
        "15",
        1
      ],
      "negative": [
        "15",
        2
      ],
      "latent_image": [
        "15",
        3
      ],
      "optional_vae": [
        "15",
        4
      ]
    },
    "class_type": "KSampler (Efficient)",
    "_meta": {
      "title": "KSampler (Efficient)"
    }
  },
  "17": {
    "inputs": {
      "filename_prefix": "ComfyUI",
      "images": [
        "19",
        0
      ]
    },
    "class_type": "SaveImage",
    "_meta": {
      "title": "Save Image"
    }
  },
  "19": {
    "inputs": {
      "image": [
        "16",
        5
      ]
    },
    "class_type": "Image Remove Background (rembg)",
    "_meta": {
      "title": "Image Remove Background (rembg)"
    }
  }
}